x, y
0.7865168539325822,2.099737532808149
5.730337078651683,31.49606299212587
9.775280898876403,104.98687664041984
12.80898876404494,113.38582677165357
16.629213483146067,134.38320209973745
19.775280898876403,132.28346456692907
23.59550561797753,174.27821522309705
26.516853932584276,176.37795275590543
30.561797752808985,172.17847769028856
34.49438202247191,239.3700787401574
37.41573033707865,268.766404199475
40.337078651685395,371.6535433070866
44.38202247191012,373.75328083989496
48.31460674157304,430.4461942257217
51.23595505617978,600.524934383202
